comarca,cultivo,tipo_riego,year,produccion_tn
Comunidad Foral de Navarra,Cebada,Regadío,2015,61438.208
Comunidad Foral de Navarra,Cebada,Regadío,2017,72644.65
Comunidad Foral de Navarra,Cebada,Regadío,2019,70387.136
Comunidad Foral de Navarra,Cebada,Regadío,2021,50191.371999999996
Comunidad Foral de Navarra,Cebada,Regadío,2023,57993.402
Comunidad Foral de Navarra,Cebada,Regadío,2025,67043.42
Comunidad Foral de Navarra,Cebada,Secano,2015,252682.376
Comunidad Foral de Navarra,Cebada,Secano,2017,287290.163
Comunidad Foral de Navarra,Cebada,Secano,2019,249515.15200000003
Comunidad Foral de Navarra,Cebada,Secano,2021,217913.18099999998
Comunidad Foral de Navarra,Cebada,Secano,2023,181506.424
Comunidad Foral de Navarra,Cebada,Secano,2025,258501.98
Comunidad Foral de Navarra,Cebada,Total,2015,314120.58400000003
Comunidad Foral de Navarra,Cebada,Total,2017,359934.81299999997
Comunidad Foral de Navarra,Cebada,Total,2019,319902.28800000006
Comunidad Foral de Navarra,Cebada,Total,2021,268104.553
Comunidad Foral de Navarra,Cebada,Total,2023,239499.826
Comunidad Foral de Navarra,Cebada,Total,2025,325545.4
Comunidad Foral de Navarra,Trigo blando,Regadío,2015,72522.539
Comunidad Foral de Navarra,Trigo blando,Regadío,2017,85521.025
Comunidad Foral de Navarra,Trigo blando,Regadío,2019,87705.85800000001
Comunidad Foral de Navarra,Trigo blando,Regadío,2021,94381.963
Comunidad Foral de Navarra,Trigo blando,Regadío,2023,87709.76699999999
Comunidad Foral de Navarra,Trigo blando,Regadío,2025,82519.15
Comunidad Foral de Navarra,Trigo blando,Secano,2015,239903.381
Comunidad Foral de Navarra,Trigo blando,Secano,2017,274097.829
Comunidad Foral de Navarra,Trigo blando,Secano,2019,340167.037
Comunidad Foral de Navarra,Trigo blando,Secano,2021,321115.8109999999
Comunidad Foral de Navarra,Trigo blando,Secano,2023,231115.64500000002
Comunidad Foral de Navarra,Trigo blando,Secano,2025,336633.72
Comunidad Foral de Navarra,Trigo blando,Total,2015,312425.92
Comunidad Foral de Navarra,Trigo blando,Total,2017,359618.85400000005
Comunidad Foral de Navarra,Trigo blando,Total,2019,427872.89499999996
Comunidad Foral de Navarra,Trigo blando,Total,2021,415497.7739999999
Comunidad Foral de Navarra,Trigo blando,Total,2023,318825.41199999995
Comunidad Foral de Navarra,Trigo blando,Total,2025,419152.87
Cuenca de Pamplona,Cebada,Regadío,2015,989.33
Cuenca de Pamplona,Cebada,Regadío,2017,1429.956
Cuenca de Pamplona,Cebada,Regadío,2019,1789.008
Cuenca de Pamplona,Cebada,Regadío,2021,947.6999999999999
Cuenca de Pamplona,Cebada,Regadío,2023,1604.94
Cuenca de Pamplona,Cebada,Regadío,2025,1779.75
Cuenca de Pamplona,Cebada,Secano,2015,34541.457
Cuenca de Pamplona,Cebada,Secano,2017,42897.140999999996
Cuenca de Pamplona,Cebada,Secano,2019,51970.826
Cuenca de Pamplona,Cebada,Secano,2021,37791.443999999996
Cuenca de Pamplona,Cebada,Secano,2023,44730.744000000006
Cuenca de Pamplona,Cebada,Secano,2025,36910.0
Cuenca de Pamplona,Cebada,Total,2015,35530.787000000004
Cuenca de Pamplona,Cebada,Total,2017,44327.096999999994
Cuenca de Pamplona,Cebada,Total,2019,53759.834
Cuenca de Pamplona,Cebada,Total,2021,38739.14399999999
Cuenca de Pamplona,Cebada,Total,2023,46335.68400000001
Cuenca de Pamplona,Cebada,Total,2025,38689.75
Cuenca de Pamplona,Trigo blando,Regadío,2015,2323.28
Cuenca de Pamplona,Trigo blando,Regadío,2017,2321.352
Cuenca de Pamplona,Trigo blando,Regadío,2019,3380.08
Cuenca de Pamplona,Trigo blando,Regadío,2021,3347.1839999999997
Cuenca de Pamplona,Trigo blando,Regadío,2023,3400.0
Cuenca de Pamplona,Trigo blando,Regadío,2025,2352.0
Cuenca de Pamplona,Trigo blando,Secano,2015,52440.336
Cuenca de Pamplona,Trigo blando,Secano,2017,62517.381
Cuenca de Pamplona,Trigo blando,Secano,2019,87550.344
Cuenca de Pamplona,Trigo blando,Secano,2021,67906.304
Cuenca de Pamplona,Trigo blando,Secano,2023,58935.04
Cuenca de Pamplona,Trigo blando,Secano,2025,57936.600000000006
Cuenca de Pamplona,Trigo blando,Total,2015,54763.616
Cuenca de Pamplona,Trigo blando,Total,2017,64838.733
Cuenca de Pamplona,Trigo blando,Total,2019,90930.424
Cuenca de Pamplona,Trigo blando,Total,2021,71253.488
Cuenca de Pamplona,Trigo blando,Total,2023,62335.04
Cuenca de Pamplona,Trigo blando,Total,2025,60288.600000000006
Navarra Media,Cebada,Regadío,2015,17451.28
Navarra Media,Cebada,Regadío,2017,21178.388000000003
Navarra Media,Cebada,Regadío,2019,17746.508
Navarra Media,Cebada,Regadío,2021,15124.815
Navarra Media,Cebada,Regadío,2023,12415.239000000001
Navarra Media,Cebada,Regadío,2025,16033.720000000001
Navarra Media,Cebada,Secano,2015,44235.126000000004
Navarra Media,Cebada,Secano,2017,55845.011999999995
Navarra Media,Cebada,Secano,2019,51212.203
Navarra Media,Cebada,Secano,2021,45945.915
Navarra Media,Cebada,Secano,2023,35048.015999999996
Navarra Media,Cebada,Secano,2025,54010.0
Navarra Media,Cebada,Total,2015,61686.406
Navarra Media,Cebada,Total,2017,77023.4
Navarra Media,Cebada,Total,2019,68958.71100000001
Navarra Media,Cebada,Total,2021,61070.73
Navarra Media,Cebada,Total,2023,47463.255
Navarra Media,Cebada,Total,2025,70043.72
Navarra Media,Trigo blando,Regadío,2015,20835.1
Navarra Media,Trigo blando,Regadío,2017,33005.808
Navarra Media,Trigo blando,Regadío,2019,30621.012000000002
Navarra Media,Trigo blando,Regadío,2021,32601.568
Navarra Media,Trigo blando,Regadío,2023,32597.175
Navarra Media,Trigo blando,Regadío,2025,28021.1
Navarra Media,Trigo blando,Secano,2015,47126.584
Navarra Media,Trigo blando,Secano,2017,52141.121999999996
Navarra Media,Trigo blando,Secano,2019,65177.98100000001
Navarra Media,Trigo blando,Secano,2021,65145.869999999995
Navarra Media,Trigo blando,Secano,2023,40846.495
Navarra Media,Trigo blando,Secano,2025,67348.92
Navarra Media,Trigo blando,Total,2015,67961.68400000001
Navarra Media,Trigo blando,Total,2017,85146.93
Navarra Media,Trigo blando,Total,2019,95798.99300000002
Navarra Media,Trigo blando,Total,2021,97747.438
Navarra Media,Trigo blando,Total,2023,73443.67
Navarra Media,Trigo blando,Total,2025,95370.01999999999
Noroccidental,Cebada,Regadío,2015,0.0
Noroccidental,Cebada,Regadío,2017,53.0
Noroccidental,Cebada,Regadío,2019,6.25
Noroccidental,Cebada,Regadío,2021,0.0
Noroccidental,Cebada,Regadío,2023,0.0
Noroccidental,Cebada,Regadío,2025,0.0
Noroccidental,Cebada,Secano,2015,2165.58
Noroccidental,Cebada,Secano,2017,1680.0
Noroccidental,Cebada,Secano,2019,2314.6
Noroccidental,Cebada,Secano,2021,2116.4
Noroccidental,Cebada,Secano,2023,1854.4170000000001
Noroccidental,Cebada,Secano,2025,1597.5
Noroccidental,Cebada,Total,2015,2165.58
Noroccidental,Cebada,Total,2017,1733.0
Noroccidental,Cebada,Total,2019,2320.85
Noroccidental,Cebada,Total,2021,2116.4
Noroccidental,Cebada,Total,2023,1854.4170000000001
Noroccidental,Cebada,Total,2025,1597.5
Noroccidental,Trigo blando,Regadío,2015,48.2
Noroccidental,Trigo blando,Regadío,2017,0.0
Noroccidental,Trigo blando,Regadío,2019,0.0
Noroccidental,Trigo blando,Regadío,2021,30.6
Noroccidental,Trigo blando,Regadío,2023,5.8
Noroccidental,Trigo blando,Regadío,2025,5.5
Noroccidental,Trigo blando,Secano,2015,2494.01
Noroccidental,Trigo blando,Secano,2017,3507.2
Noroccidental,Trigo blando,Secano,2019,3907.916
Noroccidental,Trigo blando,Secano,2021,4099.44
Noroccidental,Trigo blando,Secano,2023,4489.099999999999
Noroccidental,Trigo blando,Secano,2025,3795.0
Noroccidental,Trigo blando,Total,2015,2542.21
Noroccidental,Trigo blando,Total,2017,3507.2
Noroccidental,Trigo blando,Total,2019,3907.916
Noroccidental,Trigo blando,Total,2021,4130.04
Noroccidental,Trigo blando,Total,2023,4494.9
Noroccidental,Trigo blando,Total,2025,3800.5
Pirineos,Cebada,Regadío,2015,131.08
Pirineos,Cebada,Regadío,2017,511.5
Pirineos,Cebada,Regadío,2019,272.878
Pirineos,Cebada,Regadío,2021,590.78
Pirineos,Cebada,Regadío,2023,397.79999999999995
Pirineos,Cebada,Regadío,2025,80.0
Pirineos,Cebada,Secano,2015,20100.045
Pirineos,Cebada,Secano,2017,25102.02
Pirineos,Cebada,Secano,2019,28832.976
Pirineos,Cebada,Secano,2021,20035.043999999998
Pirineos,Cebada,Secano,2023,20876.52
Pirineos,Cebada,Secano,2025,19140.0
Pirineos,Cebada,Total,2015,20231.125
Pirineos,Cebada,Total,2017,25613.52
Pirineos,Cebada,Total,2019,29105.854
Pirineos,Cebada,Total,2021,20625.823999999997
Pirineos,Cebada,Total,2023,21274.32
Pirineos,Cebada,Total,2025,19220.0
Pirineos,Trigo blando,Regadío,2015,734.58
Pirineos,Trigo blando,Regadío,2017,649.35
Pirineos,Trigo blando,Regadío,2019,1041.75
Pirineos,Trigo blando,Regadío,2021,1082.771
Pirineos,Trigo blando,Regadío,2023,1079.5
Pirineos,Trigo blando,Regadío,2025,1226.3999999999999
Pirineos,Trigo blando,Secano,2015,36444.681
Pirineos,Trigo blando,Secano,2017,45500.74
Pirineos,Trigo blando,Secano,2019,62713.465
Pirineos,Trigo blando,Secano,2021,48382.272
Pirineos,Trigo blando,Secano,2023,43228.104
Pirineos,Trigo blando,Secano,2025,48311.2
Pirineos,Trigo blando,Total,2015,37179.261
Pirineos,Trigo blando,Total,2017,46150.09
Pirineos,Trigo blando,Total,2019,63755.215
Pirineos,Trigo blando,Total,2021,49465.043
Pirineos,Trigo blando,Total,2023,44307.604
Pirineos,Trigo blando,Total,2025,49537.6
Ribera Alta-Aragón,Cebada,Regadío,2015,18788.944
Ribera Alta-Aragón,Cebada,Regadío,2017,22633.566
Ribera Alta-Aragón,Cebada,Regadío,2019,24451.717
Ribera Alta-Aragón,Cebada,Regadío,2021,14587.1
Ribera Alta-Aragón,Cebada,Regadío,2023,19960.815
Ribera Alta-Aragón,Cebada,Regadío,2025,25458.5
Ribera Alta-Aragón,Cebada,Secano,2015,60388.626
Ribera Alta-Aragón,Cebada,Secano,2017,56222.199
Ribera Alta-Aragón,Cebada,Secano,2019,36131.907
Ribera Alta-Aragón,Cebada,Secano,2021,38800.608
Ribera Alta-Aragón,Cebada,Secano,2023,21278.163
Ribera Alta-Aragón,Cebada,Secano,2025,54950.28
Ribera Alta-Aragón,Cebada,Total,2015,79177.56999999999
Ribera Alta-Aragón,Cebada,Total,2017,78855.765
Ribera Alta-Aragón,Cebada,Total,2019,60583.623999999996
Ribera Alta-Aragón,Cebada,Total,2021,53387.708
Ribera Alta-Aragón,Cebada,Total,2023,41238.978
Ribera Alta-Aragón,Cebada,Total,2025,80408.78
Ribera Alta-Aragón,Trigo blando,Regadío,2015,24735.396
Ribera Alta-Aragón,Trigo blando,Regadío,2017,29372.52
Ribera Alta-Aragón,Trigo blando,Regadío,2019,28253.718
Ribera Alta-Aragón,Trigo blando,Regadío,2021,31229.510000000002
Ribera Alta-Aragón,Trigo blando,Regadío,2023,26778.773999999998
Ribera Alta-Aragón,Trigo blando,Regadío,2025,28841.699999999997
Ribera Alta-Aragón,Trigo blando,Secano,2015,15801.785
Ribera Alta-Aragón,Trigo blando,Secano,2017,17826.879
Ribera Alta-Aragón,Trigo blando,Secano,2019,20540.528000000002
Ribera Alta-Aragón,Trigo blando,Secano,2021,27643.469
Ribera Alta-Aragón,Trigo blando,Secano,2023,14602.104000000001
Ribera Alta-Aragón,Trigo blando,Secano,2025,35432.0
Ribera Alta-Aragón,Trigo blando,Total,2015,40537.181
Ribera Alta-Aragón,Trigo blando,Total,2017,47199.399000000005
Ribera Alta-Aragón,Trigo blando,Total,2019,48794.246
Ribera Alta-Aragón,Trigo blando,Total,2021,58872.97900000001
Ribera Alta-Aragón,Trigo blando,Total,2023,41380.878
Ribera Alta-Aragón,Trigo blando,Total,2025,64273.7
Ribera Baja,Cebada,Regadío,2015,19688.966
Ribera Baja,Cebada,Regadío,2017,22325.805
Ribera Baja,Cebada,Regadío,2019,21910.325
Ribera Baja,Cebada,Regadío,2021,16042.421999999999
Ribera Baja,Cebada,Regadío,2023,19979.208000000002
Ribera Baja,Cebada,Regadío,2025,20285.25
Ribera Baja,Cebada,Secano,2015,18387.2
Ribera Baja,Cebada,Secano,2017,16803.65
Ribera Baja,Cebada,Secano,2019,9233.12
Ribera Baja,Cebada,Secano,2021,7071.610000000001
Ribera Baja,Cebada,Secano,2023,1495.5010000000002
Ribera Baja,Cebada,Secano,2025,27170.6
Ribera Baja,Cebada,Total,2015,38076.166
Ribera Baja,Cebada,Total,2017,39129.455
Ribera Baja,Cebada,Total,2019,31143.445
Ribera Baja,Cebada,Total,2021,23114.032
Ribera Baja,Cebada,Total,2023,21474.709000000003
Ribera Baja,Cebada,Total,2025,47455.85
Ribera Baja,Trigo blando,Regadío,2015,19622.533000000003
Ribera Baja,Trigo blando,Regadío,2017,15808.795
Ribera Baja,Trigo blando,Regadío,2019,18233.622
Ribera Baja,Trigo blando,Regadío,2021,19910.503999999997
Ribera Baja,Trigo blando,Regadío,2023,19159.518
Ribera Baja,Trigo blando,Regadío,2025,17216.55
Ribera Baja,Trigo blando,Secano,2015,13104.848
Ribera Baja,Trigo blando,Secano,2017,10308.635
Ribera Baja,Trigo blando,Secano,2019,7197.576999999999
Ribera Baja,Trigo blando,Secano,2021,6442.9259999999995
Ribera Baja,Trigo blando,Secano,2023,845.918
Ribera Baja,Trigo blando,Secano,2025,25270.0
Ribera Baja,Trigo blando,Total,2015,32727.381
Ribera Baja,Trigo blando,Total,2017,26117.43
Ribera Baja,Trigo blando,Total,2019,25431.199
Ribera Baja,Trigo blando,Total,2021,26353.429999999997
Ribera Baja,Trigo blando,Total,2023,20005.436
Ribera Baja,Trigo blando,Total,2025,42486.55
Tierra Estella,Cebada,Regadío,2015,4388.608
Tierra Estella,Cebada,Regadío,2017,4512.435
Tierra Estella,Cebada,Regadío,2019,4210.45
Tierra Estella,Cebada,Regadío,2021,2898.5550000000003
Tierra Estella,Cebada,Regadío,2023,3635.4
Tierra Estella,Cebada,Regadío,2025,3406.2000000000003
Tierra Estella,Cebada,Secano,2015,72864.342
Tierra Estella,Cebada,Secano,2017,88740.14099999999
Tierra Estella,Cebada,Secano,2019,69819.52
Tierra Estella,Cebada,Secano,2021,66152.16
Tierra Estella,Cebada,Secano,2023,56223.062999999995
Tierra Estella,Cebada,Secano,2025,64723.6
Tierra Estella,Cebada,Total,2015,77252.95000000001
Tierra Estella,Cebada,Total,2017,93252.57599999999
Tierra Estella,Cebada,Total,2019,74029.97
Tierra Estella,Cebada,Total,2021,69050.715
Tierra Estella,Cebada,Total,2023,59858.462999999996
Tierra Estella,Cebada,Total,2025,68129.8
Tierra Estella,Trigo blando,Regadío,2015,4223.45
Tierra Estella,Trigo blando,Regadío,2017,4363.2
Tierra Estella,Trigo blando,Regadío,2019,6175.676
Tierra Estella,Trigo blando,Regadío,2021,6179.826
Tierra Estella,Trigo blando,Regadío,2023,4689.0
Tierra Estella,Trigo blando,Regadío,2025,4855.900000000001
Tierra Estella,Trigo blando,Secano,2015,72491.137
Tierra Estella,Trigo blando,Secano,2017,82295.872
Tierra Estella,Trigo blando,Secano,2019,93079.22600000001
Tierra Estella,Trigo blando,Secano,2021,101495.53
Tierra Estella,Trigo blando,Secano,2023,68168.884
Tierra Estella,Trigo blando,Secano,2025,98540.0
Tierra Estella,Trigo blando,Total,2015,76714.587
Tierra Estella,Trigo blando,Total,2017,86659.072
Tierra Estella,Trigo blando,Total,2019,99254.90200000002
Tierra Estella,Trigo blando,Total,2021,107675.356
Tierra Estella,Trigo blando,Total,2023,72857.884
Tierra Estella,Trigo blando,Total,2025,103395.9
