cloud_cover_pct_mean,comarca,data_source,ndbi_max,ndbi_mean,ndbi_min,ndbi_stdDev,ndvi_max,ndvi_mean,ndvi_min,ndvi_stdDev,ndwi_max,ndwi_mean,ndwi_min,ndwi_stdDev,scene_count,schema_version,valid_pixel_count,window_end,window_id,window_start
61.76651266666667,Cuenca de Pamplona,GEE/COPERNICUS/S2_SR_HARMONIZED,0.9936099648475647,-0.08897164677170218,-0.8683308362960815,0.17874449734265932,0.9993727207183838,0.494121224130929,-0.9938080310821533,0.22735387732543483,0.9981867671012878,-0.5088983409824552,-0.9992748498916626,0.20364512576599766,6,v1.0,6541728,2019-01-17,W-20190101,2019-01-01
87.00226433333334,Cuenca de Pamplona,GEE/COPERNICUS/S2_SR_HARMONIZED,0.9980019927024841,-0.13506830842803322,-0.822342574596405,0.1883498532374137,0.9996575713157654,0.43965064279829746,-0.9887005686759949,0.23949346188165088,0.9940652847290039,-0.46816449962176165,-0.9994081258773804,0.2166963996802072,6,v1.0,3694205,2019-02-02,W-20190117,2019-01-17
34.596329833333336,Cuenca de Pamplona,GEE/COPERNICUS/S2_SR_HARMONIZED,1.0,-0.2612440342695591,-1.0,0.20345028187825678,1.0,0.43623509163207286,-1.0,0.2359135705619628,1.0,-0.43975358540901127,-1.0,0.2142463334465761,6,v1.0,10527686,2019-02-18,W-20190202,2019-02-02
38.70856283333334,Cuenca de Pamplona,GEE/COPERNICUS/S2_SR_HARMONIZED,0.9874213933944702,-0.1795013851893059,-0.8443998694419861,0.19801161187738622,0.9995023608207703,0.6073170724136332,-0.9829059839248657,0.22237625907640357,0.992277979850769,-0.5981094206936396,-0.9996086359024048,0.17622497480175253,6,v1.0,10427477,2019-03-22,W-20190306,2019-03-06
31.021360500000004,Cuenca de Pamplona,GEE/COPERNICUS/S2_SR_HARMONIZED,1.0,-0.1919881586078829,-0.7567362189292908,0.20970774023068023,1.0,0.6035519396097848,-1.0,0.2216365960781662,1.0,-0.593656194817046,-1.0,0.178221157947575,6,v1.0,10553331,2019-04-07,W-20190322,2019-03-22
80.9086445,Cuenca de Pamplona,GEE/COPERNICUS/S2_SR_HARMONIZED,0.7987927794456482,-0.2683609029983865,-0.8293159604072571,0.20707323575402947,0.9982094764709473,0.6003338217814251,-0.7864077687263489,0.2079593676519449,0.8580645322799683,-0.5697271339105826,-0.9981256127357483,0.1704961138047873,6,v1.0,2882012,2019-04-23,W-20190407,2019-04-07
50.82023183333333,Cuenca de Pamplona,GEE/COPERNICUS/S2_SR_HARMONIZED,0.9981150031089783,-0.3159363875103156,-0.8013656139373779,0.2158132892160869,0.9995802044868469,0.6220704481572327,-0.991631805896759,0.24702557482288443,0.9964912533760071,-0.5835949318242917,-0.9996471405029297,0.21016609010574205,6,v1.0,10446094,2019-05-09,W-20190423,2019-04-23
35.20190866666667,Cuenca de Pamplona,GEE/COPERNICUS/S2_SR_HARMONIZED,0.9985433220863342,-0.28237487101744513,-0.9363057613372803,0.18329906212432373,0.9989490509033203,0.6548855292193979,-0.9942528605461121,0.22733881894933092,0.9978166222572327,-0.6170001912695244,-0.9264026284217834,0.17577416964705286,6,v1.0,10491361,2019-06-10,W-20190525,2019-05-25
36.813948833333335,Cuenca de Pamplona,GEE/COPERNICUS/S2_SR_HARMONIZED,0.7474916577339172,-0.24581995121777314,-0.785096287727356,0.16176319973710648,0.9494195580482483,0.5878830892031534,-0.5546875,0.21252231728658577,0.6693163514137268,-0.5690853396295029,-0.8960000276565552,0.15099327456855455,6,v1.0,9186031,2019-06-26,W-20190610,2019-06-10
40.697465666666666,Cuenca de Pamplona,GEE/COPERNICUS/S2_SR_HARMONIZED,0.7198125720024109,-0.12304996002282938,-0.650561511516571,0.15896300275870293,0.9870888590812683,0.46868260335662104,-0.5646687746047974,0.24060314132858787,0.6960352659225464,-0.5175544175906854,-0.8755106329917908,0.16184249876454052,6,v1.0,10593546,2019-07-12,W-20190626,2019-06-26
56.096218666666665,Cuenca de Pamplona,GEE/COPERNICUS/S2_SR_HARMONIZED,0.9962476491928101,-0.07211720838427788,-0.6534124612808228,0.1836655400143015,0.9993919134140015,0.4487525904540153,-0.9855072498321533,0.266508427398368,0.996363639831543,-0.4974915799086376,-0.999496340751648,0.18292950855442275,6,v1.0,9304265,2019-07-28,W-20190712,2019-07-12
26.40019583333333,Cuenca de Pamplona,GEE/COPERNICUS/S2_SR_HARMONIZED,0.9009901285171509,-0.027452689242025038,-0.7187938094139099,0.2047051294771356,0.9577724933624268,0.42628217013222736,-0.9295774698257446,0.2806452948613736,0.9697884917259216,-0.4768431546100028,-0.91746586561203,0.2062530248525213,6,v1.0,10592551,2019-08-29,W-20190813,2019-08-13
52.8473855,Cuenca de Pamplona,GEE/COPERNICUS/S2_SR_HARMONIZED,0.76606684923172,-0.02288333785628619,-0.7392544150352478,0.20267361943765633,0.9712893962860107,0.4041423658363513,-0.7041420340538025,0.27563816362218885,0.7838982939720154,-0.4534556646290189,-0.9280993938446045,0.20596603071155253,6,v1.0,10504896,2019-09-14,W-20190829,2019-08-29
30.890677,Cuenca de Pamplona,GEE/COPERNICUS/S2_SR_HARMONIZED,0.9462365508079529,0.006625912569904587,-0.7723076939582825,0.196048425984528,1.0,0.37913029357645145,-0.9691358208656311,0.2703332576687217,0.9918434023857117,-0.4242223731697684,-1.0,0.20866522703380544,6,v1.0,10604681,2019-09-30,W-20190914,2019-09-14
50.827284333333346,Cuenca de Pamplona,GEE/COPERNICUS/S2_SR_HARMONIZED,0.8496240377426147,0.004513612456232169,-0.6579275727272034,0.20198711589932128,1.0,0.377913311707964,-0.8978102207183838,0.2720005231744043,0.9604519605636597,-0.4153223261509447,-1.0,0.20905968071866257,6,v1.0,10554101,2019-10-16,W-20190930,2019-09-30
89.86872183333332,Cuenca de Pamplona,GEE/COPERNICUS/S2_SR_HARMONIZED,0.9950000047683716,-0.5428654612695022,-0.8771679401397705,0.09896903639092632,0.999505341053009,0.033272134780033435,-0.9930070042610168,0.0711300836702685,0.9894737005233765,-0.04077911851503858,-0.9995089769363403,0.07446418746502606,6,v1.0,3133540,2019-11-17,W-20191101,2019-11-01
80.59949350000001,Cuenca de Pamplona,GEE/COPERNICUS/S2_SR_HARMONIZED,0.8588792085647583,-0.48856481022237186,-0.9441327452659607,0.1689507477670487,0.9995362758636475,0.06952467936762524,-0.4404669404029846,0.14903923665592883,0.2334243357181549,-0.06725229307121912,-0.999636709690094,0.16926159793353437,6,v1.0,1080034,2019-12-03,W-20191117,2019-11-17
12.768238833333333,Cuenca de Pamplona,GEE/COPERNICUS/S2_SR_HARMONIZED,1.0,-0.06580363684025443,-0.9938080310821533,0.17746551247322961,1.0,0.4977913843059744,-1.0,0.2160517836522908,1.0,-0.5284353262038991,-1.0,0.18008703800460393,6,v1.0,9919894,2019-12-19,W-20191203,2019-12-03
48.9778335,Cuenca de Pamplona,GEE/COPERNICUS/S2_SR_HARMONIZED,1.0,-0.0929708243379815,-0.8873239159584045,0.1459140509195218,1.0,0.354302084545418,-1.0,0.273770307396105,1.0,-0.36116609224936647,-1.0,0.2519941570374432,6,v1.0,8316496,2020-01-01,W-20191219,2019-12-19
13.694792125,Cuenca de Pamplona,GEE/COPERNICUS/S2_SR_HARMONIZED,1.0,-0.1116625933730356,-0.8790115714073181,0.1823431410011,1.0,0.5530173258309851,-1.0,0.21766731353590663,1.0,-0.5622692904754835,-1.0,0.1767726718131142,8,v1.0,10576555,2019-03-06,W-20190218,2019-02-18
60.74054,Cuenca de Pamplona,GEE/COPERNICUS/S2_SR_HARMONIZED,1.0,-0.3090946461191758,-0.7500346899032593,0.20321748793554842,1.0,0.6853834713566046,-1.0,0.23732471998949148,1.0,-0.6381481883780556,-1.0,0.19099699459534616,8,v1.0,10560417,2019-05-25,W-20190509,2019-05-09
37.076495,Cuenca de Pamplona,GEE/COPERNICUS/S2_SR_HARMONIZED,0.982300877571106,-0.03561109716422856,-0.7628725171089172,0.20275406697256956,0.9540339112281799,0.42976378686069233,-0.9753086566925049,0.2715542948390908,0.9913420081138611,-0.4710818860047544,-0.9994240999221802,0.19110489163109098,8,v1.0,10494986,2019-08-13,W-20190728,2019-07-28
55.25755499999999,Cuenca de Pamplona,GEE/COPERNICUS/S2_SR_HARMONIZED,0.9112658500671387,-0.060470761530149915,-0.8231619596481323,0.1860215992814702,0.9988577961921692,0.39123911924479193,-0.434959352016449,0.2341238972575261,0.6125244498252869,-0.4223179458371237,-0.998811662197113,0.18351383062601112,8,v1.0,8970328,2019-11-01,W-20191016,2019-10-16
29.448460812500002,Navarra Media,GEE/COPERNICUS/S2_SR_HARMONIZED,0.9599999785423279,0.00808123719211726,-0.9839679598808289,0.1824428276862238,0.953865110874176,0.3871292156453559,-0.976047933101654,0.23342393302946035,0.9934640526771545,-0.4351419332648139,-0.9173553586006165,0.16912128542284932,16,v1.0,17689524,2019-09-30,W-20190914,2019-09-14
46.899420875,Navarra Media,GEE/COPERNICUS/S2_SR_HARMONIZED,1.0,-0.09403050209357464,-0.8087912201881409,0.17041398820236367,1.0,0.45429449740684397,-0.9200000166893005,0.2356850690395855,1.0,-0.4712441694532568,-1.0,0.2048036811572317,16,v1.0,12883960,2020-01-01,W-20191219,2019-12-19
75.32829561111112,Navarra Media,GEE/COPERNICUS/S2_SR_HARMONIZED,0.9986902475357056,-0.10353330826028598,-0.8440492749214172,0.19245482687003096,0.9997749924659729,0.4489268262424752,-0.9920298457145691,0.2212360146957188,0.9956269264221191,-0.4920138357526201,-0.9993423223495483,0.1830394213113049,18,v1.0,13149330,2019-02-02,W-20190117,2019-01-17
30.55621766666667,Navarra Media,GEE/COPERNICUS/S2_SR_HARMONIZED,1.0,-0.1360251068905003,-0.9055555462837219,0.20369010999421075,1.0,0.4841651977927569,-1.0,0.2236870310300498,1.0,-0.5098384955225541,-1.0,0.18061642122617536,18,v1.0,17656014,2019-02-18,W-20190202,2019-02-02
30.322310833333347,Navarra Media,GEE/COPERNICUS/S2_SR_HARMONIZED,0.982758641242981,-0.11135881956348634,-0.7686963677406311,0.18992258067678844,0.9995269775390625,0.5461981970807196,-0.9901960492134094,0.2209944921189349,0.9975669384002686,-0.5625279384861351,-0.9517985582351685,0.16867314361662683,18,v1.0,17614260,2019-03-22,W-20190306,2019-03-06
73.23498344444444,Navarra Media,GEE/COPERNICUS/S2_SR_HARMONIZED,0.7803030014038086,-0.14606203141671847,-0.7992032170295715,0.2007232484058357,0.9993053078651428,0.5182954709157719,-0.7288135886192322,0.22168159707393606,0.8413639664649963,-0.5284606406391287,-0.9986675381660461,0.17054857853772457,18,v1.0,9017029,2019-04-23,W-20190407,2019-04-07
34.02602477777778,Navarra Media,GEE/COPERNICUS/S2_SR_HARMONIZED,1.0,-0.17498740257527032,-0.7844530344009399,0.20464376066329423,1.0,0.5845776758429398,-1.0,0.2306464137382276,1.0,-0.57808040868796,-1.0,0.17953682756764316,18,v1.0,17606607,2019-05-09,W-20190423,2019-04-23
33.50368066666666,Navarra Media,GEE/COPERNICUS/S2_SR_HARMONIZED,1.0,-0.15031476787147674,-0.7748048901557922,0.16958603238667472,0.9697146415710449,0.5277158647739695,-1.0,0.21607892836388382,1.0,-0.5336196742818398,-0.9063591957092285,0.1565053773394986,18,v1.0,17645341,2019-06-10,W-20190525,2019-05-25
22.328852166666668,Navarra Media,GEE/COPERNICUS/S2_SR_HARMONIZED,1.0,-0.04255276767624077,-0.7201684713363647,0.14036784776983993,0.9323305487632751,0.40828289609947754,-1.0,0.20701225952003205,1.0,-0.46747405321539803,-0.8706244826316833,0.13621094645944118,18,v1.0,17663216,2019-07-12,W-20190626,2019-06-26
36.99450027777777,Navarra Media,GEE/COPERNICUS/S2_SR_HARMONIZED,0.9820190072059631,-0.03967402833268279,-0.6374666094779968,0.154309475362928,0.9992573261260986,0.43202669774087965,-0.9886258244514465,0.22823706046813777,0.9977590441703796,-0.47821878139560003,-0.9993596076965332,0.15880111495158827,18,v1.0,13978182,2019-07-28,W-20190712,2019-07-12
24.802750166666662,Navarra Media,GEE/COPERNICUS/S2_SR_HARMONIZED,1.0,-0.024773561043762042,-0.8696701526641846,0.18584011433219136,0.9710087180137634,0.4222103577129097,-1.0,0.24963705360154073,1.0,-0.471847698997667,-0.9139206409454346,0.17789240734027859,18,v1.0,17668379,2019-08-29,W-20190813,2019-08-13
34.49212172222223,Navarra Media,GEE/COPERNICUS/S2_SR_HARMONIZED,0.7903335690498352,0.019084880954620024,-0.6929287314414978,0.1850500706653805,1.0,0.38428253831606957,-0.8094372153282166,0.2360115545712235,0.9267205595970154,-0.43114069752737827,-0.874071478843689,0.17018156099906892,18,v1.0,17660477,2019-10-16,W-20190930,2019-09-30
83.31604766666668,Navarra Media,GEE/COPERNICUS/S2_SR_HARMONIZED,0.6754966974258423,-0.5277679384718637,-0.8233151435852051,0.1256288449331187,0.9996843934059143,0.04364647162381418,-0.744966447353363,0.1106080221099819,0.8186335563659668,-0.04945800552254493,-0.9996843934059143,0.10576784708730023,18,v1.0,4950884,2019-11-17,W-20191101,2019-11-01
33.8412015,Navarra Media,GEE/COPERNICUS/S2_SR_HARMONIZED,1.0,-0.045590966527342805,-0.8056486248970032,0.18635771231055762,1.0,0.5011967098717485,-1.0,0.21499702670379414,1.0,-0.5409661154084952,-1.0,0.16627956699424562,18,v1.0,17269459,2019-12-19,W-20191203,2019-12-03
35.38588555,Navarra Media,GEE/COPERNICUS/S2_SR_HARMONIZED,0.9938837885856628,-0.07327144602461988,-1.0,0.19379219894427924,1.0,0.5122653312995393,-0.9855276942253113,0.2229353808361623,0.9957173466682434,-0.5382943676801636,-1.0,0.17003384353576004,20,v1.0,15896135,2019-01-17,W-20190101,2019-01-01
29.0477153,Navarra Media,GEE/COPERNICUS/S2_SR_HARMONIZED,1.0,-0.1300253751282567,-0.7424483299255371,0.19476631557893312,1.0,0.5510886474144621,-1.0,0.21888632971333424,1.0,-0.564258151277608,-0.948397159576416,0.16799678612209815,20,v1.0,17635804,2019-04-07,W-20190322,2019-03-22
52.32109809999999,Navarra Media,GEE/COPERNICUS/S2_SR_HARMONIZED,1.0,-0.17187649892050444,-0.819003164768219,0.1846603641911356,1.0,0.5698560419015037,-1.0,0.2245718521281362,1.0,-0.5676907838284715,-1.0,0.1722409531732087,20,v1.0,17233638,2019-05-25,W-20190509,2019-05-09
34.401640549999996,Navarra Media,GEE/COPERNICUS/S2_SR_HARMONIZED,0.9981273412704468,-0.09603083457150383,-0.7732484340667725,0.15045500810040766,0.9585825800895691,0.4582799192526249,-0.9929078221321106,0.2050771378258885,0.9975489974021912,-0.487834830784929,-0.889183759689331,0.137807361307852,20,v1.0,17169592,2019-06-26,W-20190610,2019-06-10
39.42037215,Navarra Media,GEE/COPERNICUS/S2_SR_HARMONIZED,0.9867549538612366,-0.02145939543371563,-0.7471460103988647,0.18002134093144673,0.9985195994377136,0.40566369939409774,-0.989130437374115,0.24316464829882545,0.9950494766235352,-0.4606000607428876,-0.9534860253334045,0.17602476805836045,20,v1.0,17629049,2019-09-14,W-20190829,2019-08-29
74.00807019999999,Navarra Media,GEE/COPERNICUS/S2_SR_HARMONIZED,0.998718798160553,-0.05042586213802869,-0.9759036302566528,0.19224433599519283,1.0,0.4289294845663775,-0.9973226189613342,0.22817145041227704,0.9978609681129456,-0.4871922212708156,-1.0,0.20715058167636913,20,v1.0,3495651,2019-12-03,W-20191117,2019-11-17
11.261103818181818,Navarra Media,GEE/COPERNICUS/S2_SR_HARMONIZED,1.0,-0.07390805333437576,-0.7660699486732483,0.18176887414687976,1.0,0.5182766466023204,-1.0,0.21910732565549404,1.0,-0.5453390033891689,-1.0,0.1694390928578162,22,v1.0,17685321,2019-03-06,W-20190218,2019-02-18
26.301807909090904,Navarra Media,GEE/COPERNICUS/S2_SR_HARMONIZED,1.0,-0.02672357330188899,-0.7431063652038574,0.17877496897053433,0.9991493225097656,0.41789411063557996,-1.0,0.24140337388819988,1.0,-0.46449805948938133,-0.9114518761634827,0.16859979926005628,22,v1.0,17648380,2019-08-13,W-20190728,2019-07-28
60.66134777272726,Navarra Media,GEE/COPERNICUS/S2_SR_HARMONIZED,0.9941348433494568,-0.027563026040302835,-0.8155619502067566,0.18089216444182132,0.9995337128639221,0.3801956283939022,-0.991416335105896,0.22029758704971744,0.9956427216529846,-0.42058174627252815,-0.9993844032287598,0.16538968496475312,22,v1.0,13516843,2019-11-01,W-20191016,2019-10-16
76.42871375,Nordoccidental,GEE/COPERNICUS/S2_SR_HARMONIZED,0.9955157041549683,-0.28435239044918714,-0.9426523447036743,0.1645072110551465,0.9988757967948914,0.1851188337364542,-0.9902439117431641,0.28505569603513387,0.994301974773407,-0.1760308272904133,-0.9989124536514282,0.30743333907135834,12,v1.0,6408496,2019-01-17,W-20190101,2019-01-01
87.45679608333334,Nordoccidental,GEE/COPERNICUS/S2_SR_HARMONIZED,0.5560928583145142,-0.3166896206846576,-0.8464916944503784,0.18851405971760105,0.9990444183349609,0.3392335524754164,-0.2941911220550537,0.28822250833445984,0.07242897152900696,-0.36320434619223024,-0.9992369413375854,0.2941680627314524,12,v1.0,2341188,2019-02-02,W-20190117,2019-01-17
36.13553816666667,Nordoccidental,GEE/COPERNICUS/S2_SR_HARMONIZED,1.0,-0.15700951720678272,-0.9775663614273071,0.21297987170220284,1.0,0.49325052774631883,-1.0,0.19674170036446992,1.0,-0.5415469862404723,-1.0,0.20422067937131017,12,v1.0,23365690,2019-02-18,W-20190202,2019-02-02
50.75803208333335,Nordoccidental,GEE/COPERNICUS/S2_SR_HARMONIZED,1.0,-0.10013977720445137,-0.9727188348770142,0.18255022514226157,1.0,0.5541972703431127,-1.0,0.1650798918228984,1.0,-0.5844908124845813,-0.9984270334243774,0.13200798366770283,12,v1.0,18593252,2019-03-22,W-20190306,2019-03-06
26.257265916666668,Nordoccidental,GEE/COPERNICUS/S2_SR_HARMONIZED,1.0,-0.03578171847148637,-0.8780779242515564,0.16686655698835773,1.0,0.572292117483679,-1.0,0.1422658358705982,1.0,-0.6151926922873183,-1.0,0.09852606301792727,12,v1.0,25357609,2019-04-07,W-20190322,2019-03-22
72.15937575000001,Nordoccidental,GEE/COPERNICUS/S2_SR_HARMONIZED,0.9858155846595764,-0.11205838987513991,-0.8173470497131348,0.17393962114952422,0.9878665208816528,0.535514679310822,-0.9718309640884399,0.1787611860548951,0.9834710955619812,-0.5479445173855357,-0.9996016621589661,0.13473468769837313,12,v1.0,9436642,2019-04-23,W-20190407,2019-04-07
56.752927916666685,Nordoccidental,GEE/COPERNICUS/S2_SR_HARMONIZED,0.990338146686554,-0.24078684737417697,-0.7968337535858154,0.14838161584043766,0.9993677139282227,0.7105983654743161,-0.993127167224884,0.1611996827961826,0.9968503713607788,-0.6281087434979685,-0.9993240833282471,0.11817533815502926,12,v1.0,25168233,2019-05-09,W-20190423,2019-04-23
37.172545916666664,Nordoccidental,GEE/COPERNICUS/S2_SR_HARMONIZED,0.9961832165718079,-0.34425861419086257,-0.736818790435791,0.11822137295566358,0.9996290802955627,0.8131096021517515,-0.9919354915618896,0.13340255332407602,0.9955456852912903,-0.7245845109749456,-0.9910532236099243,0.10241287379361501,12,v1.0,24666534,2019-06-10,W-20190525,2019-05-25
37.69082341666667,Nordoccidental,GEE/COPERNICUS/S2_SR_HARMONIZED,0.8953846096992493,-0.3185728357371861,-0.6229196786880493,0.11146014575194131,1.0,0.8101439865097954,-0.6344085931777954,0.1388257407505779,0.7888198494911194,-0.7387949691288342,-1.0,0.1056269745442401,12,v1.0,25993096,2019-07-12,W-20190626,2019-06-26
54.565609333333335,Nordoccidental,GEE/COPERNICUS/S2_SR_HARMONIZED,0.6585609316825867,-0.29087149777451354,-0.6502392292022705,0.1164949976773336,0.9621906876564026,0.790208675965746,-0.16250787675380707,0.13882023323994344,0.37250635027885437,-0.7277681438189504,-0.9310603141784668,0.10670569787571982,12,v1.0,23762730,2019-07-28,W-20190712,2019-07-12
22.4233425,Nordoccidental,GEE/COPERNICUS/S2_SR_HARMONIZED,1.0,-0.28640014222123045,-0.6517306566238403,0.13652266890244374,0.9709190726280212,0.82376523391444,-1.0,0.14593880437880588,1.0,-0.7565438659342213,-0.9337427020072937,0.11020609587985254,12,v1.0,25989894,2019-08-29,W-20190813,2019-08-13
53.395303833333344,Nordoccidental,GEE/COPERNICUS/S2_SR_HARMONIZED,0.5780808925628662,-0.2847480636320907,-0.8064628839492798,0.14745699806810075,0.9995793700218201,0.7069926864620286,-0.5463805794715881,0.154892451251355,0.6169630885124207,-0.6429244323607706,-0.9993790984153748,0.120567717874271,12,v1.0,14431615,2019-09-14,W-20190829,2019-08-29
39.52236708333333,Nordoccidental,GEE/COPERNICUS/S2_SR_HARMONIZED,1.0,-0.2196627894978059,-0.7678418159484863,0.13176332364926951,1.0,0.7416926281594707,-1.0,0.15221513613052307,1.0,-0.6904189082091097,-1.0,0.11940091539415075,12,v1.0,25773081,2019-09-30,W-20190914,2019-09-14
52.701315583333354,Nordoccidental,GEE/COPERNICUS/S2_SR_HARMONIZED,1.0,-0.21495007926368717,-0.7053003311157227,0.14312103551082236,1.0,0.7284104911207248,-1.0,0.18531761553098555,1.0,-0.6829674531870229,-1.0,0.15699841226784791,12,v1.0,25791501,2019-10-16,W-20190930,2019-09-30
88.68311075000001,Nordoccidental,GEE/COPERNICUS/S2_SR_HARMONIZED,0.10631364583969116,-0.5694585599171977,-0.9579271674156189,0.1399404470023923,0.9993704557418823,0.016863089541421943,-0.24868012964725494,0.025352520329993175,0.2397918850183487,-0.019414693842885314,-0.9993813633918762,0.030336711354946706,12,v1.0,8060616,2019-11-17,W-20191101,2019-11-01
85.36064158333333,Nordoccidental,GEE/COPERNICUS/S2_SR_HARMONIZED,0.9997164011001587,-0.36883553364088,-0.933072566986084,0.17189528507585453,0.999488115310669,0.1601618519701146,-0.9980601072311401,0.2554419808576537,0.3592420816421509,-0.15428970436189898,-0.999527096748352,0.26342485707445956,12,v1.0,9049538,2019-12-03,W-20191117,2019-11-17
18.722992166666668,Nordoccidental,GEE/COPERNICUS/S2_SR_HARMONIZED,1.0,-0.07474026699341355,-0.8091286420822144,0.14177519268057348,1.0,0.6108931958769632,-1.0,0.1387586353893765,1.0,-0.6543352973981993,-1.0,0.1146840533894777,12,v1.0,19521903,2019-12-19,W-20191203,2019-12-03
44.92304933333333,Nordoccidental,GEE/COPERNICUS/S2_SR_HARMONIZED,1.0,-0.07286447734457056,-0.9896907210350037,0.1619307862659958,1.0,0.6102825208628867,-1.0,0.15517631962662953,1.0,-0.6455480716326448,-1.0,0.13797830066078745,12,v1.0,17277249,2020-01-01,W-20191219,2019-12-19
34.26810486666667,Nordoccidental,GEE/COPERNICUS/S2_SR_HARMONIZED,1.0,-0.33920013064264204,-0.8005453944206238,0.11940563849683991,1.0,0.8095402869143956,-1.0,0.1458633080215835,1.0,-0.724032338103903,-0.9995450377464294,0.1118014428200187,15,v1.0,25286394,2019-06-26,W-20190610,2019-06-10
15.096555562499997,Nordoccidental,GEE/COPERNICUS/S2_SR_HARMONIZED,1.0,-0.012623563770531468,-0.9433962106704712,0.15171548424678,1.0,0.5479616506961904,-1.0,0.13623404242843745,1.0,-0.6095584465487758,-1.0,0.1104526029641698,16,v1.0,24996024,2019-03-06,W-20190218,2019-02-18
59.628224375,Nordoccidental,GEE/COPERNICUS/S2_SR_HARMONIZED,1.0,-0.35762922387512647,-0.8706923723220825,0.13279874747886017,1.0,0.7000954496912882,-1.0,0.2202457664170579,1.0,-0.6098899924605328,-1.0,0.1742446348323371,16,v1.0,25824513,2019-05-25,W-20190509,2019-05-09
31.232107687500005,Nordoccidental,GEE/COPERNICUS/S2_SR_HARMONIZED,0.9775280952453613,-0.29297810893043913,-0.7101320624351501,0.1326319228889143,0.9978448152542114,0.7247953479853187,-0.976190447807312,0.1765875672543434,0.9860140085220337,-0.6501224475808076,-0.9977924823760986,0.14838138261289954,16,v1.0,19294884,2019-08-13,W-20190728,2019-07-28
54.18999325000001,Nordoccidental,GEE/COPERNICUS/S2_SR_HARMONIZED,1.0,-0.22639025058771023,-0.7922039031982422,0.12896438049315814,1.0,0.6458603260203255,-1.0,0.2050769990028307,1.0,-0.6134255085757815,-1.0,0.1872342288987059,16,v1.0,21752063,2019-11-01,W-20191016,2019-10-16
22.497107800000002,Pirineos,GEE/COPERNICUS/S2_SR_HARMONIZED,1.0,-0.1872108591699985,-0.7417471408843994,0.19127136390551605,1.0,0.650915702266143,-1.0,0.22926030402867648,1.0,-0.6181387784247563,-1.0,0.18015103685667722,5,v1.0,31626106,2019-09-30,W-20190914,2019-09-14
36.5406526,Pirineos,GEE/COPERNICUS/S2_SR_HARMONIZED,1.0,-0.19921095037891265,-1.0,0.2048505391777338,1.0,0.6177023427550326,-1.0,0.2535894239480615,1.0,-0.6196435324412046,-1.0,0.23728554246768166,5,v1.0,25229922,2020-01-01,W-20191219,2019-12-19
76.1088835,Pirineos,GEE/COPERNICUS/S2_SR_HARMONIZED,0.6827914118766785,-0.3730546275483827,-0.9512194991111755,0.23582092697751542,0.9987826943397522,0.19101881348307403,-0.5714285969734192,0.2547041087063031,0.7954545617103577,-0.18567513318313225,-0.9989985227584839,0.2558674335212603,6,v1.0,7040258,2019-02-02,W-20190117,2019-01-17
39.78302433333334,Pirineos,GEE/COPERNICUS/S2_SR_HARMONIZED,1.0,-0.36014215540284295,-1.0,0.240381223040706,1.0,0.4723413321571392,-1.0,0.29235083882777435,1.0,-0.4659243039017473,-1.0,0.282031230128294,6,v1.0,30230789,2019-02-18,W-20190202,2019-02-02
41.36329383333333,Pirineos,GEE/COPERNICUS/S2_SR_HARMONIZED,0.988304078578949,-0.21881715449544645,-0.9860033392906189,0.19287797668717765,0.9990379810333252,0.6039640244635034,-0.9775689244270325,0.21103603747148936,0.9940298795700073,-0.5932389325819777,-0.9989253282546997,0.1906491878237201,6,v1.0,27968335,2019-03-22,W-20190306,2019-03-06
73.37862433333333,Pirineos,GEE/COPERNICUS/S2_SR_HARMONIZED,0.9834710955619812,-0.20143053465834485,-0.9625357985496521,0.17771555642548778,0.9958333373069763,0.56395736113565,-0.9718309640884399,0.19229935674797097,0.9912663698196411,-0.5529319658617633,-0.9965694546699524,0.16979526890779373,6,v1.0,16710974,2019-04-23,W-20190407,2019-04-07
57.57945433333334,Pirineos,GEE/COPERNICUS/S2_SR_HARMONIZED,1.0,-0.3442934091180401,-0.9264876246452332,0.15770689259579876,1.0,0.6186765154591022,-1.0,0.22821165285307968,1.0,-0.5506873948387273,-1.0,0.19574458699462174,6,v1.0,31534688,2019-05-25,W-20190509,2019-05-09
39.64289783333333,Pirineos,GEE/COPERNICUS/S2_SR_HARMONIZED,0.9984484314918518,-0.31344036071885484,-0.9536152482032776,0.13285798207146507,0.999681830406189,0.7608735553761753,-0.9968101978302002,0.1678708872327605,0.9976415038108826,-0.6800872077207938,-0.9944598078727722,0.13582809514949026,6,v1.0,31527875,2019-06-10,W-20190525,2019-05-25
25.091449,Pirineos,GEE/COPERNICUS/S2_SR_HARMONIZED,1.0,-0.27082333833491157,-0.724470853805542,0.13552878884335864,1.0,0.712175525868874,-1.0,0.1953307895559696,1.0,-0.6632419206445158,-0.9145427346229553,0.142842788430486,6,v1.0,31554572,2019-07-12,W-20190626,2019-06-26
31.949265666666665,Pirineos,GEE/COPERNICUS/S2_SR_HARMONIZED,0.9587628841400146,-0.23355534429446762,-0.6687214374542236,0.16472202743830444,0.9994035363197327,0.7078247431089243,-0.9166666865348816,0.2155083442631424,0.9622641801834106,-0.6693796113254019,-0.999057948589325,0.15256192429414275,6,v1.0,31491275,2019-07-28,W-20190712,2019-07-12
32.9457125,Pirineos,GEE/COPERNICUS/S2_SR_HARMONIZED,1.0,-0.21681707765416347,-0.6831334829330444,0.19273982485216967,0.9872000217437744,0.7087314333230728,-1.0,0.23578566195228703,1.0,-0.6703853838037305,-0.9936708807945251,0.1814411614412734,6,v1.0,31610341,2019-08-29,W-20190813,2019-08-13
31.097380666666666,Pirineos,GEE/COPERNICUS/S2_SR_HARMONIZED,1.0,-0.1936298687658617,-0.7837837934494019,0.1947097884449081,1.0,0.6660623511141268,-1.0,0.23815607252040644,1.0,-0.630351533809367,-1.0,0.19203059030608838,6,v1.0,31569400,2019-10-16,W-20190930,2019-09-30
84.76571100000001,Pirineos,GEE/COPERNICUS/S2_SR_HARMONIZED,0.8012422323226929,-0.5104596380776742,-0.9617622494697571,0.1364163065838176,0.9994540214538574,0.030078494276208543,-0.16408422589302063,0.06313881622510614,0.16604430973529816,-0.032390553147389346,-0.9994819760322571,0.06513745650402457,6,v1.0,6184519,2019-11-17,W-20191101,2019-11-01
35.2334455,Pirineos,GEE/COPERNICUS/S2_SR_HARMONIZED,1.0,-0.20579862538865612,-0.989130437374115,0.2165946492102331,1.0,0.6261108672489125,-1.0,0.24008094144422512,1.0,-0.6337496706046885,-1.0,0.2241818760695704,6,v1.0,27553518,2019-12-19,W-20191203,2019-12-03
37.53567042857143,Pirineos,GEE/COPERNICUS/S2_SR_HARMONIZED,0.987261176109314,-0.2207559530060023,-0.9918367266654968,0.19008976509948028,1.0,0.5422731275614237,-0.9813084006309509,0.30018378656964806,0.9918032884597778,-0.5263019691072445,-1.0,0.29348086348275937,7,v1.0,14818027,2019-01-17,W-20190101,2019-01-01
5.646957285714286,Pirineos,GEE/COPERNICUS/S2_SR_HARMONIZED,1.0,-0.19007329456260286,-0.9745133519172668,0.22086968104332963,1.0,0.5722952736785234,-1.0,0.2296162646648238,1.0,-0.5818324329258394,-1.0,0.21815873841036426,7,v1.0,31230492,2019-03-06,W-20190218,2019-02-18
38.62164571428571,Pirineos,GEE/COPERNICUS/S2_SR_HARMONIZED,1.0,-0.15127349146238808,-1.0,0.19232210818458428,1.0,0.6146401225032878,-1.0,0.19362025344961933,1.0,-0.6223926193016682,-1.0,0.1664677976632328,7,v1.0,31417095,2019-04-07,W-20190322,2019-03-22
29.236834142857138,Pirineos,GEE/COPERNICUS/S2_SR_HARMONIZED,0.9942362904548645,-0.2573191122973167,-0.9477192759513855,0.16438149109115074,1.0,0.6226947436356647,-0.9887640476226807,0.2074236192030749,0.9962121248245239,-0.5770220622371307,-1.0,0.18285294617016665,7,v1.0,31318119,2019-05-09,W-20190423,2019-04-23
31.586320428571437,Pirineos,GEE/COPERNICUS/S2_SR_HARMONIZED,0.9964726567268372,-0.22629812481510422,-0.6710244417190552,0.18684820532715887,0.9982206225395203,0.6848492056830704,-0.9937888383865356,0.22853949790894684,0.9978969693183899,-0.6375265085006113,-0.9925373196601868,0.17394179538065416,7,v1.0,30746862,2019-08-13,W-20190728,2019-07-28
32.12383342857143,Pirineos,GEE/COPERNICUS/S2_SR_HARMONIZED,0.9036144614219666,-0.21110569313679287,-0.7742290496826172,0.1909587998005574,0.9994335770606995,0.6484786800130401,-0.8791946172714233,0.22585815975374315,0.9592875242233276,-0.6192019506812445,-0.9968992471694946,0.17091882578595224,7,v1.0,29227345,2019-09-14,W-20190829,2019-08-29
77.04249614285713,Pirineos,GEE/COPERNICUS/S2_SR_HARMONIZED,0.9929078221321106,-0.2249436136023861,-0.8045976758003235,0.16666620610803992,0.9994323253631592,0.5592390925197787,-0.7727272510528564,0.2490028534776405,0.9847328066825867,-0.5377431595647256,-0.9994017481803894,0.2268460563526125,7,v1.0,21024428,2019-11-01,W-20191016,2019-10-16
78.62590657142859,Pirineos,GEE/COPERNICUS/S2_SR_HARMONIZED,0.990867555141449,-0.35241307222075285,-0.9595574140548706,0.18279702029929476,0.9993587732315063,0.36920173421517494,-0.800000011920929,0.30832444009463733,0.8999999761581421,-0.3439347150570077,-0.9994566440582275,0.29332867562313625,7,v1.0,9817629,2019-12-03,W-20191117,2019-11-17
39.722268875,Pirineos,GEE/COPERNICUS/S2_SR_HARMONIZED,0.9970059990882874,-0.3002083405349039,-0.9114985466003418,0.12854751958298963,0.9982062578201294,0.7391103377523667,-0.9920318722724915,0.16767078305754948,0.9972527623176575,-0.6666661606529426,-0.9016672968864441,0.1267287154114466,8,v1.0,31471537,2019-06-26,W-20190610,2019-06-10
46.13952441666667,Ribera Alta-Aragón,GEE/COPERNICUS/S2_SR_HARMONIZED,0.9951691031455994,0.016173255095680013,-0.942571759223938,0.16846298469445894,0.9995513558387756,0.3981142811871313,-0.9893048405647278,0.19893167044753765,0.995708167552948,-0.4509717142701729,-0.9975757598876953,0.1463892599970776,12,v1.0,15455847,2019-01-17,W-20190101,2019-01-01
84.19504075,Ribera Alta-Aragón,GEE/COPERNICUS/S2_SR_HARMONIZED,0.9983659982681274,0.0015382627361181808,-0.719838559627533,0.16105620863533496,0.9997193217277527,0.37035976818499006,-0.9963369965553284,0.203736369822768,0.9983291625976562,-0.4527621941540746,-0.9993566870689392,0.16240051099435754,12,v1.0,8765956,2019-02-02,W-20190117,2019-01-17
23.53389975,Ribera Alta-Aragón,GEE/COPERNICUS/S2_SR_HARMONIZED,0.9599383473396301,-0.009760557084389145,-0.9048000574111938,0.16877617444828336,1.0,0.40966186807288507,-0.9365853667259216,0.21659168461022646,0.9809221029281616,-0.46214739694419177,-1.0,0.16830096770080302,12,v1.0,16599969,2019-02-18,W-20190202,2019-02-02
22.893606750000004,Ribera Alta-Aragón,GEE/COPERNICUS/S2_SR_HARMONIZED,1.0,-0.04356846643242016,-0.7704917788505554,0.18572054915618846,1.0,0.43676675534878023,-1.0,0.23825372165360387,1.0,-0.4814730992197869,-0.9570528864860535,0.18395045854263772,12,v1.0,16596832,2019-03-22,W-20190306,2019-03-06
19.549108583333336,Ribera Alta-Aragón,GEE/COPERNICUS/S2_SR_HARMONIZED,1.0,-0.05641466229932943,-0.7125781178474426,0.18452793906830997,0.9819582104682922,0.4314095376155933,-1.0,0.228494860043645,1.0,-0.4747544814260692,-0.9543602466583252,0.17332665639643735,12,v1.0,16562311,2019-04-07,W-20190322,2019-03-22
79.83198191666666,Ribera Alta-Aragón,GEE/COPERNICUS/S2_SR_HARMONIZED,0.9973958134651184,-0.07370899412025307,-0.8086072206497192,0.1936664251714943,0.9996749758720398,0.43595111623435734,-0.9912663698196411,0.2384969305754264,0.9960079789161682,-0.47484476956692206,-0.9996463656425476,0.18086440432122103,12,v1.0,11362207,2019-04-23,W-20190407,2019-04-07
43.182437166666666,Ribera Alta-Aragón,GEE/COPERNICUS/S2_SR_HARMONIZED,1.0,-0.08052625242671195,-0.9127346873283386,0.19805224636335172,1.0,0.4546344338429843,-1.0,0.2544980384707966,1.0,-0.4884854872792463,-0.9984325766563416,0.1969024084306103,12,v1.0,16543709,2019-05-09,W-20190423,2019-04-23
31.42628408333334,Ribera Alta-Aragón,GEE/COPERNICUS/S2_SR_HARMONIZED,1.0,-0.026797404125130982,-0.8451113104820251,0.15309995583001962,0.9955979585647583,0.35242058442166313,-1.0,0.19494431570715126,1.0,-0.41712915987764243,-0.9090602993965149,0.14823111050447954,12,v1.0,16316302,2019-06-10,W-20190525,2019-05-25
32.618822333333334,Ribera Alta-Aragón,GEE/COPERNICUS/S2_SR_HARMONIZED,0.9978813529014587,0.031885785583688965,-0.7257319092750549,0.12630655419964923,0.9986366629600525,0.2988286763231918,-0.9967741966247559,0.1741096816764091,0.9981220364570618,-0.3864456752017175,-0.9963436722755432,0.13063329159856182,12,v1.0,16194891,2019-06-26,W-20190610,2019-06-10
30.750682333333334,Ribera Alta-Aragón,GEE/COPERNICUS/S2_SR_HARMONIZED,1.0,0.053204349390324854,-0.6869126558303833,0.12474138380120023,0.9696563482284546,0.28005083261684904,-1.0,0.16891582269327257,1.0,-0.37786591579365925,-0.9347074627876282,0.12557323130601253,12,v1.0,16587645,2019-07-12,W-20190626,2019-06-26
47.06836708333333,Ribera Alta-Aragón,GEE/COPERNICUS/S2_SR_HARMONIZED,1.0,0.04198301178474307,-0.7587745785713196,0.18843194290949158,1.0,0.30681210524442076,-1.0,0.23180096026307806,1.0,-0.3843672156900185,-1.0,0.17393249684973924,12,v1.0,16483705,2019-09-14,W-20190829,2019-08-29
32.72240766666667,Ribera Alta-Aragón,GEE/COPERNICUS/S2_SR_HARMONIZED,1.0,0.07293091023671833,-0.8172580003738403,0.1784130710834532,1.0,0.29614079917454883,-1.0,0.2198454162937017,1.0,-0.36909659624197516,-1.0,0.1654366865251506,12,v1.0,16580865,2019-09-30,W-20190914,2019-09-14
44.39878500000001,Ribera Alta-Aragón,GEE/COPERNICUS/S2_SR_HARMONIZED,0.9321215748786926,0.08851502374113107,-0.6902514100074768,0.17033326045333513,0.9794281125068665,0.28182223104833193,-0.7862067222595215,0.209102063325289,0.9327681660652161,-0.35856809116497984,-0.9452062845230103,0.16034385418276964,12,v1.0,16352131,2019-10-16,W-20190930,2019-09-30
87.46218591666667,Ribera Alta-Aragón,GEE/COPERNICUS/S2_SR_HARMONIZED,0.6651727557182312,-0.5588202703349189,-0.741457998752594,0.142140364283836,0.9994803667068481,0.03663391368146857,-0.19376826286315918,0.06589892595849241,0.05675877630710602,-0.04497606010712049,-0.9993859529495239,0.09446918603833358,12,v1.0,6043863,2019-11-17,W-20191101,2019-11-01
73.77450474999999,Ribera Alta-Aragón,GEE/COPERNICUS/S2_SR_HARMONIZED,0.9977553486824036,0.028168822897292254,-0.8701299428939819,0.17833761733273348,0.9994948506355286,0.3549458133679426,-0.9962825179100037,0.1981569508767786,0.9971510171890259,-0.41928399750495465,-0.9995248317718506,0.16644755164146194,12,v1.0,9233116,2019-12-03,W-20191117,2019-11-17
19.166137166666665,Ribera Alta-Aragón,GEE/COPERNICUS/S2_SR_HARMONIZED,0.9812102913856506,0.033452823685075427,-0.9949874877929688,0.17186611883597186,1.0,0.3924244311790082,-0.949999988079071,0.196412636578146,0.9709677696228027,-0.45279706398228453,-1.0,0.14861259010297675,12,v1.0,16526820,2019-12-19,W-20191203,2019-12-03
50.9449225,Ribera Alta-Aragón,GEE/COPERNICUS/S2_SR_HARMONIZED,0.830416202545166,-0.04059835625173856,-0.800463080406189,0.18661549172623093,1.0,0.36854321108808114,-0.7535014152526855,0.20202075597532274,0.9285714030265808,-0.400958719364511,-1.0,0.1593244058059745,12,v1.0,7421668,2020-01-01,W-20191219,2019-12-19
19.810882999999997,Ribera Alta-Aragón,GEE/COPERNICUS/S2_SR_HARMONIZED,1.0,0.04083699428082401,-0.7560812830924988,0.19499957825651712,1.0,0.3155088875811255,-1.0,0.24455247700733224,1.0,-0.3956894984148896,-0.9933014512062073,0.1832246334643898,13,v1.0,16580497,2019-08-29,W-20190813,2019-08-13
44.464862285714275,Ribera Alta-Aragón,GEE/COPERNICUS/S2_SR_HARMONIZED,0.7057018280029297,0.031766886924600196,-0.7034929990768433,0.1727306899302662,0.9897833466529846,0.30774716041923,-0.5612244606018066,0.21469384091543012,0.7640863656997681,-0.3881598964127423,-0.9273556470870972,0.15835145079080726,14,v1.0,8214252,2019-07-28,W-20190712,2019-07-12
13.201660687499999,Ribera Alta-Aragón,GEE/COPERNICUS/S2_SR_HARMONIZED,1.0,-0.0023605222844641587,-0.7469624876976013,0.16574745990742143,1.0,0.4048089856351377,-1.0,0.21809618479042325,1.0,-0.4561190314648871,-1.0,0.17053109464870378,16,v1.0,16608817,2019-03-06,W-20190218,2019-02-18
31.628110812499997,Ribera Alta-Aragón,GEE/COPERNICUS/S2_SR_HARMONIZED,1.0,0.048986567065132124,-0.7170261144638062,0.18515340488693502,0.9992562532424927,0.3031131655819905,-1.0,0.23134089867434618,1.0,-0.37940929165797643,-0.990111231803894,0.17088764542991458,16,v1.0,16555488,2019-08-13,W-20190728,2019-07-28
48.4022426875,Ribera Alta-Aragón,GEE/COPERNICUS/S2_SR_HARMONIZED,0.8829962611198425,0.06578370707946554,-0.7213298678398132,0.15870860409083906,0.9714155197143555,0.28040459098060017,-0.9052922129631042,0.17359718873183486,0.941513180732727,-0.3580446551190885,-0.9221311807632446,0.1317744230491197,16,v1.0,13117225,2019-11-01,W-20191016,2019-10-16
53.681218882352944,Ribera Alta-Aragón,GEE/COPERNICUS/S2_SR_HARMONIZED,1.0,-0.06207813442325258,-0.9164780974388123,0.1663098399408131,1.0,0.3981160554773484,-1.0,0.21021745619903062,1.0,-0.44813816468309414,-1.0,0.16558269353377544,17,v1.0,16489366,2019-05-25,W-20190509,2019-05-09
30.459643454545457,Ribera Baja,GEE/COPERNICUS/S2_SR_HARMONIZED,1.0,0.08083269526379863,-0.8379390835762024,0.15612162701871032,1.0,0.2525397336637883,-1.0,0.211559172900545,1.0,-0.33729599085579526,-0.9760956168174744,0.1634372033830565,11,v1.0,17883221,2019-09-30,W-20190914,2019-09-14
47.584134909090906,Ribera Baja,GEE/COPERNICUS/S2_SR_HARMONIZED,0.9990534782409668,-0.046785765761897975,-0.8320754766464233,0.20096571523260529,1.0,0.3157061043719974,-0.9955456852912903,0.19869885987517147,0.8671586513519287,-0.3680942795744871,-0.9992304444313049,0.16199180901828394,11,v1.0,12079297,2020-01-01,W-20191219,2019-12-19
70.61732466666668,Ribera Baja,GEE/COPERNICUS/S2_SR_HARMONIZED,0.9998493790626526,0.026749396754812797,-0.9173376560211182,0.16840555833737464,0.9996817708015442,0.3457818086958284,-0.9963768124580383,0.20324535496182353,0.9983484745025635,-0.4386695891305057,-0.9992529153823853,0.1718756751693058,12,v1.0,13329815,2019-02-02,W-20190117,2019-01-17
24.356933916666666,Ribera Baja,GEE/COPERNICUS/S2_SR_HARMONIZED,1.0,0.017737573136907634,-0.8239538073539734,0.15417563861465028,1.0,0.3519319703116483,-1.0,0.1974622549282385,1.0,-0.4186224488934295,-1.0,0.1614961583673966,12,v1.0,17911479,2019-02-18,W-20190202,2019-02-02
23.09849025,Ribera Baja,GEE/COPERNICUS/S2_SR_HARMONIZED,1.0,0.009792316985363744,-0.8533440828323364,0.15405344320967987,0.9938198328018188,0.3450302673358801,-1.0,0.20737711575567808,1.0,-0.41187092880082987,-0.9711538553237915,0.169529106939539,12,v1.0,17930531,2019-03-22,W-20190306,2019-03-06
70.98713041666666,Ribera Baja,GEE/COPERNICUS/S2_SR_HARMONIZED,0.9975961446762085,-0.010656790037741606,-0.8304498195648193,0.17110671070229852,0.9995653033256531,0.34208004876925163,-0.9888888597488403,0.21325684538657094,0.9976958632469177,-0.40472198648750285,-0.998785674571991,0.16782808586054024,12,v1.0,12464694,2019-04-23,W-20190407,2019-04-07
33.62516858333334,Ribera Baja,GEE/COPERNICUS/S2_SR_HARMONIZED,1.0,-0.004722635710063508,-0.8278480768203735,0.1698665929344923,1.0,0.3419402679147901,-1.0,0.22985357498999176,1.0,-0.40497855690478884,-1.0,0.18621731580731102,12,v1.0,17911624,2019-05-09,W-20190423,2019-04-23
30.112560416666668,Ribera Baja,GEE/COPERNICUS/S2_SR_HARMONIZED,1.0,0.00936444624398239,-0.7998918294906616,0.14963933767513612,1.0,0.2862313902581708,-1.0,0.19561260312061146,1.0,-0.3597663332371372,-1.0,0.15631756118564388,12,v1.0,16679775,2019-06-10,W-20190525,2019-05-25
20.242810249999998,Ribera Baja,GEE/COPERNICUS/S2_SR_HARMONIZED,1.0,0.06886456001603378,-0.9241293668746948,0.12164365942871408,0.9382985234260559,0.2316156791017653,-1.0,0.16283289221152444,1.0,-0.33071867965131435,-0.8702243566513062,0.12942760251522284,12,v1.0,17917613,2019-07-12,W-20190626,2019-06-26
36.19151191666668,Ribera Baja,GEE/COPERNICUS/S2_SR_HARMONIZED,0.9945651888847351,0.07585138235103815,-0.81230229139328,0.13530633860069585,0.9996552467346191,0.22769765940855166,-0.9905213117599487,0.19115388449798393,0.9890109896659851,-0.32220615921531826,-0.9993023872375488,0.14808281811546464,12,v1.0,12876396,2019-07-28,W-20190712,2019-07-12
22.91108741666667,Ribera Baja,GEE/COPERNICUS/S2_SR_HARMONIZED,1.0,0.06460994100229128,-0.8373278379440308,0.1621235812046285,1.0,0.2528109681175492,-1.0,0.22093997537917323,1.0,-0.34371915446522516,-1.0,0.17122981804524537,12,v1.0,17921475,2019-08-29,W-20190813,2019-08-13
34.42309841666667,Ribera Baja,GEE/COPERNICUS/S2_SR_HARMONIZED,1.0,0.0894699686568095,-0.790796160697937,0.15551550212720197,0.9665669798851013,0.24805441771150563,-1.0,0.2074188057619366,1.0,-0.33732325907480715,-0.9166015982627869,0.16415643267412994,12,v1.0,17930531,2019-10-16,W-20190930,2019-09-30
83.64281274999999,Ribera Baja,GEE/COPERNICUS/S2_SR_HARMONIZED,0.994490385055542,-0.4512017816477701,-0.807747483253479,0.2322985326951833,0.9996401071548462,0.08818112312130923,-0.996363639831543,0.18274823352163438,0.9973404407501221,-0.10257458617143307,-0.9994267821311951,0.1861814361159629,12,v1.0,4624225,2019-11-17,W-20191101,2019-11-01
29.320178583333334,Ribera Baja,GEE/COPERNICUS/S2_SR_HARMONIZED,1.0,0.03924044036133472,-1.0,0.1784997293627438,1.0,0.33123313265311327,-1.0,0.20458276355474123,1.0,-0.4027434720168267,-1.0,0.16369330571035073,12,v1.0,17747805,2019-12-19,W-20191203,2019-12-03
35.86252953846154,Ribera Baja,GEE/COPERNICUS/S2_SR_HARMONIZED,0.991525411605835,0.01996211757986444,-0.8133333325386047,0.16055494423896063,1.0,0.3421919954940391,-0.9926470518112183,0.18591609659916233,0.9975932836532593,-0.39941705457277177,-0.9984973669052124,0.14597482212235446,13,v1.0,15712016,2019-01-17,W-20190101,2019-01-01
27.82366423076923,Ribera Baja,GEE/COPERNICUS/S2_SR_HARMONIZED,0.9934853315353394,0.04986776167668913,-0.885869562625885,0.12573896499669043,0.9868131875991821,0.25565999877360646,-0.9945799708366394,0.17145757024988015,0.9975031018257141,-0.34576089413736655,-0.9419768452644348,0.13501127597046705,13,v1.0,17581567,2019-06-26,W-20190610,2019-06-10
39.888513999999994,Ribera Baja,GEE/COPERNICUS/S2_SR_HARMONIZED,1.0,0.058980895397019555,-0.8087618947029114,0.153751269402964,1.0,0.25289795243580593,-1.0,0.20841701159435147,1.0,-0.3412078166354889,-1.0,0.16119185889498866,13,v1.0,17912566,2019-09-14,W-20190829,2019-08-29
71.62484853846153,Ribera Baja,GEE/COPERNICUS/S2_SR_HARMONIZED,0.9937888383865356,0.04453694059406372,-0.8606964945793152,0.1795889783374015,0.9988186359405518,0.3016900517787026,-0.9961612224578857,0.20133551630285587,0.9987707734107971,-0.3751854660169382,-0.9983620047569275,0.16084886908583823,13,v1.0,12977884,2019-12-03,W-20191117,2019-11-17
49.49773657142857,Ribera Baja,GEE/COPERNICUS/S2_SR_HARMONIZED,1.0,-0.0005462227958639494,-0.9277108311653137,0.16142049048567603,1.0,0.308374711919841,-1.0,0.20314488346192033,1.0,-0.3795849752399835,-0.9829059839248657,0.16495854842738536,14,v1.0,17739566,2019-05-25,W-20190509,2019-05-09
9.106496133333334,Ribera Baja,GEE/COPERNICUS/S2_SR_HARMONIZED,1.0,0.025392751044117774,-0.803255558013916,0.1408651940454741,1.0,0.33672043722732226,-1.0,0.18833783534507414,1.0,-0.4047658063127259,-1.0,0.15622745742495306,15,v1.0,17926875,2019-03-06,W-20190218,2019-02-18
20.821064733333333,Ribera Baja,GEE/COPERNICUS/S2_SR_HARMONIZED,1.0,0.0007921033359029232,-0.8330932259559631,0.15988971383466613,0.9851126074790955,0.3394929772153641,-1.0,0.20704830549975953,1.0,-0.409685040516506,-1.0,0.16711594665155968,15,v1.0,17907635,2019-04-07,W-20190322,2019-03-22
23.916241000000003,Ribera Baja,GEE/COPERNICUS/S2_SR_HARMONIZED,1.0,0.06643530525347492,-0.79632169008255,0.15252537878569164,0.9826721549034119,0.24734712879249154,-1.0,0.21182615483995457,1.0,-0.3389385494568819,-0.9196430444717407,0.16309863353942253,15,v1.0,17921227,2019-08-13,W-20190728,2019-07-28
58.550412666666666,Ribera Baja,GEE/COPERNICUS/S2_SR_HARMONIZED,0.9968992471694946,0.05903175605376481,-0.8494242429733276,0.1613078890341493,0.9987038373947144,0.2646160474816791,-0.9974905848503113,0.19459170783192917,0.9988214373588562,-0.3496215330769559,-0.998649537563324,0.15006880467613337,15,v1.0,17263814,2019-11-01,W-20191016,2019-10-16
58.22570166666666,Tierra Estella,GEE/COPERNICUS/S2_SR_HARMONIZED,0.9979101419448853,-0.0584124296728408,-0.8410041928291321,0.18899527881742395,0.9995577335357666,0.5209594723727978,-0.9926739931106567,0.22362087473607162,0.9979101419448853,-0.5536294948310769,-0.9994805455207825,0.18264444040855682,3,v1.0,17886847,2019-01-17,W-20190101,2019-01-01
95.64361833333334,Tierra Estella,GEE/COPERNICUS/S2_SR_HARMONIZED,0.9989058971405029,-0.09836785906421745,-0.8106319904327393,0.20920779767580477,0.9996631145477295,0.4660447336685553,-0.9981834888458252,0.24533889657446462,0.9989985227584839,-0.5021194447464329,-0.9996351003646851,0.2584740960713501,3,v1.0,2445638,2019-02-02,W-20190117,2019-01-17
37.768090666666666,Tierra Estella,GEE/COPERNICUS/S2_SR_HARMONIZED,1.0,-0.16253573091450033,-0.9768382906913757,0.20445348205616493,1.0,0.4722081152583751,-1.0,0.22623113683127233,1.0,-0.4893987006730064,-1.0,0.19795101102127316,3,v1.0,20868033,2019-02-18,W-20190202,2019-02-02
42.115221,Tierra Estella,GEE/COPERNICUS/S2_SR_HARMONIZED,0.9919354915618896,-0.13026678368483302,-0.9063757658004761,0.19409880549434064,0.9986666440963745,0.5822335155633886,-0.9874213933944702,0.21099486082432714,0.9970887899398804,-0.5956625342982172,-0.9942362904548645,0.16366072162066533,3,v1.0,20748598,2019-03-22,W-20190306,2019-03-06
31.520528666666667,Tierra Estella,GEE/COPERNICUS/S2_SR_HARMONIZED,1.0,-0.13061446086219078,-0.732824444770813,0.19763634313250295,0.9812283515930176,0.5765745546465496,-1.0,0.19545409633226143,1.0,-0.5855166858166662,-1.0,0.14889843247933382,3,v1.0,20958777,2019-04-07,W-20190322,2019-03-22
83.46677066666668,Tierra Estella,GEE/COPERNICUS/S2_SR_HARMONIZED,0.9841269850730896,-0.20463944540207266,-0.8013169169425964,0.19941335369734495,0.99918532371521,0.5724575649709367,-0.9803921580314636,0.20801087238421687,0.9929328560829163,-0.5600066244764129,-0.9548872113227844,0.1686436522490313,3,v1.0,8386298,2019-04-23,W-20190407,2019-04-07
51.76669533333334,Tierra Estella,GEE/COPERNICUS/S2_SR_HARMONIZED,0.9959100484848022,-0.19530004261378509,-0.7709923386573792,0.1967766070328234,0.9995635151863098,0.6262747929002576,-0.9951807260513306,0.2070494480463543,0.9982316493988037,-0.60417545822255,-0.999507486820221,0.16213334153966505,3,v1.0,20864422,2019-05-09,W-20190423,2019-04-23
35.844932,Tierra Estella,GEE/COPERNICUS/S2_SR_HARMONIZED,0.997245192527771,-0.19179141706811909,-0.6971589922904968,0.16908226322002634,0.9961389899253845,0.5974442337542845,-0.9942857027053833,0.22626908155108946,0.9985063672065735,-0.5864648535384743,-0.9732824563980103,0.15834086080744786,3,v1.0,20891175,2019-06-10,W-20190525,2019-05-25
39.70642466666666,Tierra Estella,GEE/COPERNICUS/S2_SR_HARMONIZED,0.7733634114265442,-0.1516350379143579,-0.7060878276824951,0.1711275834823229,0.9516653418540955,0.5415282126817627,-0.6870955228805542,0.24326457800107223,0.7857056260108948,-0.5527700728462739,-0.8769659996032715,0.16224185182649767,3,v1.0,20922105,2019-06-26,W-20190610,2019-06-10
42.106952666666665,Tierra Estella,GEE/COPERNICUS/S2_SR_HARMONIZED,0.7511664032936096,-0.09308259943733765,-0.6526811122894287,0.1771324681819956,0.9846438765525818,0.4830539289387265,-0.6059113144874573,0.2609233600654025,0.8474226593971252,-0.5241404611791892,-0.8842218518257141,0.1752094384984976,3,v1.0,20966657,2019-07-12,W-20190626,2019-06-26
62.74743,Tierra Estella,GEE/COPERNICUS/S2_SR_HARMONIZED,0.8082191944122314,-0.04800154083009619,-0.7021898031234741,0.19070817647741006,0.968267023563385,0.45794374297141344,-0.7307692170143127,0.27000492334582704,0.9179810881614685,-0.4984464173384312,-0.9046801328659058,0.18806401915545634,3,v1.0,20042093,2019-07-28,W-20190712,2019-07-12
22.040559000000002,Tierra Estella,GEE/COPERNICUS/S2_SR_HARMONIZED,0.8403259515762329,-0.025861269842408142,-0.76064532995224,0.20825989288948188,0.9639259576797485,0.45626239904250016,-0.756564736366272,0.2875475204087126,0.9015457034111023,-0.5016831552809083,-0.9145218133926392,0.20591129247661577,3,v1.0,20987405,2019-08-29,W-20190813,2019-08-13
60.345706666666665,Tierra Estella,GEE/COPERNICUS/S2_SR_HARMONIZED,0.7690117955207825,-0.03134225752931556,-0.7821341156959534,0.21190538109519852,0.9719298481941223,0.4389175527386373,-0.667110800743103,0.2743739959072157,0.8738867044448853,-0.47832285941995767,-0.9637117385864258,0.19523940086422611,3,v1.0,20442861,2019-09-14,W-20190829,2019-08-29
34.82963633333333,Tierra Estella,GEE/COPERNICUS/S2_SR_HARMONIZED,0.9879275560379028,-0.013426886485475414,-0.6771816611289978,0.20126890967675592,1.0,0.4489394958276295,-0.9607843160629272,0.2716015383519505,0.9925925731658936,-0.4847891555163887,-1.0,0.1990969070966687,3,v1.0,20977808,2019-09-30,W-20190914,2019-09-14
54.360072,Tierra Estella,GEE/COPERNICUS/S2_SR_HARMONIZED,0.7846890091896057,-0.02505220749297141,-0.7365079522132874,0.2005279546274506,0.9973226189613342,0.4405211026573884,-0.6808368563652039,0.2672933644346174,0.8117942214012146,-0.46223998914558034,-0.902642548084259,0.19538297466292914,3,v1.0,16744971,2019-10-16,W-20190930,2019-09-30
87.76552833333334,Tierra Estella,GEE/COPERNICUS/S2_SR_HARMONIZED,0.9844961166381836,-0.535311621596526,-0.8325596451759338,0.15764873934619208,0.9995137453079224,0.04611440821526018,-0.9718309640884399,0.11983867451168197,0.9784946441650391,-0.051631091028729426,-0.9995096921920776,0.13209436180055822,3,v1.0,4172442,2019-11-17,W-20191101,2019-11-01
80.37566466666667,Tierra Estella,GEE/COPERNICUS/S2_SR_HARMONIZED,0.9987523555755615,-0.41659475035888655,-0.9225684404373169,0.19055541370512544,0.999534547328949,0.16134508911060988,-0.6258992552757263,0.2304175937535732,0.33795711398124695,-0.15406803484267553,-0.999603271484375,0.2294494633331352,3,v1.0,7025869,2019-12-03,W-20191117,2019-11-17
20.418040666666666,Tierra Estella,GEE/COPERNICUS/S2_SR_HARMONIZED,0.9424052238464355,-0.05887072245659774,-0.9066666960716248,0.16589310164249185,1.0,0.5276574508163397,-0.9567387700080872,0.1998137705429437,0.9792166352272034,-0.5675757725266933,-1.0,0.15912816413341185,3,v1.0,20130760,2019-12-19,W-20191203,2019-12-03
56.35483133333333,Tierra Estella,GEE/COPERNICUS/S2_SR_HARMONIZED,0.9945945739746094,-0.10576046666175963,-0.9230769276618958,0.16100124181569675,0.9993074536323547,0.5716954715170944,-0.9901960492134094,0.18694674944816136,0.9973474740982056,-0.5830450650319076,-0.999262273311615,0.16427497892264348,3,v1.0,8491896,2020-01-01,W-20191219,2019-12-19
22.64705975,Tierra Estella,GEE/COPERNICUS/S2_SR_HARMONIZED,1.0,-0.07787330489645264,-0.9118133187294006,0.17998490251912744,1.0,0.5354686549287841,-1.0,0.2031343652032754,1.0,-0.5615149386582516,-1.0,0.160952998974319,4,v1.0,20962636,2019-03-06,W-20190218,2019-02-18
61.7376555,Tierra Estella,GEE/COPERNICUS/S2_SR_HARMONIZED,0.9917355179786682,-0.23300751360163777,-0.7459236979484558,0.1631409287885542,0.9824907183647156,0.6312735954494203,-0.9831932783126831,0.19714764174248156,0.9970674514770508,-0.5956001172450439,-0.933535635471344,0.14355548200756413,4,v1.0,20737049,2019-05-25,W-20190509,2019-05-09
36.9254845,Tierra Estella,GEE/COPERNICUS/S2_SR_HARMONIZED,0.9759036302566528,-0.023396948563623034,-0.7607327103614807,0.20899423942915582,0.9418770670890808,0.4477461580048759,-0.9852941036224365,0.28286323062165813,0.9904761910438538,-0.48315628904851343,-0.9406973123550415,0.19992511498360174,4,v1.0,20973475,2019-08-13,W-20190728,2019-07-28
44.8820535,Tierra Estella,GEE/COPERNICUS/S2_SR_HARMONIZED,0.6572890281677246,-0.05870485480714259,-0.7185320854187012,0.19673589558755775,1.0,0.4579268702290728,-0.6645161509513855,0.2454980839969717,0.8152984976768494,-0.48942743773565917,-1.0,0.18146812799282191,4,v1.0,20858367,2019-11-01,W-20191016,2019-10-16
